{
    "model": "CodeBERT + MLPClassifier",
    "accuracy": 0.8333333333333334,
    "report": {
        "flask": {
            "precision": 0.7,
            "recall": 0.7777777777777778,
            "f1-score": 0.7368421052631579,
            "support": 9.0
        },
        "laravel": {
            "precision": 0.8461538461538461,
            "recall": 1.0,
            "f1-score": 0.9166666666666666,
            "support": 11.0
        },
        "springboot": {
            "precision": 1.0,
            "recall": 0.7,
            "f1-score": 0.8235294117647058,
            "support": 10.0
        },
        "accuracy": 0.8333333333333334,
        "macro avg": {
            "precision": 0.8487179487179487,
            "recall": 0.825925925925926,
            "f1-score": 0.8256793945648434,
            "support": 30.0
        },
        "weighted avg": {
            "precision": 0.8535897435897436,
            "recall": 0.8333333333333334,
            "f1-score": 0.8316735466116271,
            "support": 30.0
        }
    },
    "confusion_matrix": [
        [
            7,
            2,
            0
        ],
        [
            0,
            11,
            0
        ],
        [
            3,
            0,
            7
        ]
    ]
}