{
    "model": "FastText",
    "accuracy": 0.9,
    "report": {
        "flask": {
            "precision": 1.0,
            "recall": 0.8,
            "f1-score": 0.8888888888888888,
            "support": 10.0
        },
        "laravel": {
            "precision": 1.0,
            "recall": 0.9,
            "f1-score": 0.9473684210526315,
            "support": 10.0
        },
        "springboot": {
            "precision": 0.7692307692307693,
            "recall": 1.0,
            "f1-score": 0.8695652173913043,
            "support": 10.0
        },
        "accuracy": 0.9,
        "macro avg": {
            "precision": 0.923076923076923,
            "recall": 0.9,
            "f1-score": 0.9019408424442749,
            "support": 30.0
        },
        "weighted avg": {
            "precision": 0.9230769230769231,
            "recall": 0.9,
            "f1-score": 0.9019408424442749,
            "support": 30.0
        }
    },
    "confusion_matrix": [
        [
            8,
            0,
            2
        ],
        [
            0,
            9,
            1
        ],
        [
            0,
            0,
            10
        ]
    ]
}