{
    "model": "LogisticRegression",
    "accuracy": 0.9666666666666667,
    "report": {
        "flask": {
            "precision": 0.9,
            "recall": 1.0,
            "f1-score": 0.9473684210526315,
            "support": 9.0
        },
        "laravel": {
            "precision": 1.0,
            "recall": 1.0,
            "f1-score": 1.0,
            "support": 11.0
        },
        "springboot": {
            "precision": 1.0,
            "recall": 0.9,
            "f1-score": 0.9473684210526315,
            "support": 10.0
        },
        "accuracy": 0.9666666666666667,
        "macro avg": {
            "precision": 0.9666666666666667,
            "recall": 0.9666666666666667,
            "f1-score": 0.9649122807017543,
            "support": 30.0
        },
        "weighted avg": {
            "precision": 0.9700000000000001,
            "recall": 0.9666666666666667,
            "f1-score": 0.9666666666666667,
            "support": 30.0
        }
    },
    "confusion_matrix": [
        [
            9,
            0,
            0
        ],
        [
            0,
            11,
            0
        ],
        [
            1,
            0,
            9
        ]
    ]
}