{
    "model": "MLPClassifier",
    "accuracy": 0.9666666666666667,
    "report": {
        "flask": {
            "precision": 1.0,
            "recall": 1.0,
            "f1-score": 1.0,
            "support": 9.0
        },
        "laravel": {
            "precision": 0.9166666666666666,
            "recall": 1.0,
            "f1-score": 0.9565217391304348,
            "support": 11.0
        },
        "springboot": {
            "precision": 1.0,
            "recall": 0.9,
            "f1-score": 0.9473684210526315,
            "support": 10.0
        },
        "accuracy": 0.9666666666666667,
        "macro avg": {
            "precision": 0.9722222222222222,
            "recall": 0.9666666666666667,
            "f1-score": 0.9679633867276888,
            "support": 30.0
        },
        "weighted avg": {
            "precision": 0.9694444444444444,
            "recall": 0.9666666666666667,
            "f1-score": 0.9665141113653699,
            "support": 30.0
        }
    },
    "confusion_matrix": [
        [
            9,
            0,
            0
        ],
        [
            0,
            11,
            0
        ],
        [
            0,
            1,
            9
        ]
    ]
}